building_id,tree_id,dist,cnt
17476,18449,37.59315137,27
3682302,11573,43.66526316,59
3682303,55026,151.10177582,0
3802522,300971,0,292
3802523,300971,6.45589357,281
3802528,18449,20.84398644,29
3802529,111028,41.54085304,19
3802530,36905,27.65652177,37
3802531,55167,2.1470344,213
4433907,126069,31.58568586,123
4433908,55815,0,56
4433909,390407,7.47669592,488
4433910,181111,29.1051108,81
4433911,150296,2.78876283,97
4433912,15146,29.72452986,69
4433914,396928,30.52383096,104
4433915,196842,18.81059158,23
4433916,396938,46.13624572,57
4433917,177695,9.99373296,82
4433918,158073,101.34984718,0
4433919,177695,29.09591231,105
4433920,100944,3.26751673,76
4433921,332770,8.7766441,195
4433922,332756,4.28000031,202
4433923,332786,4.56326942,210
4433924,21663,84.29994105,39
4433925,303157,109.5193239,10
4433926,303132,17.75713002,72
4433927,42140,2.2542134,187
4433928,140907,6.08088314,227
4433929,345966,59.17102239,174
4433930,30799,67.85481811,75
4433931,42471,50.78807042,124
4433932,284280,21.7695484,132
4433933,162697,1.21949618,103
4433937,36668,25.02043077,508
4433938,173707,19.25133666,240
4433939,57640,2.4942051,101
4433940,43622,1.40677777,1329
4433941,152175,3.87041718,95
4433942,37062,10.7048387,62
4433943,4193,35.29674712,82
5437844,177085,4.70087533,21
5861537,106139,2.64301941,224
5861538,49048,18.11606114,47
5861539,38563,3.99720611,170
5861540,165404,11.86337913,39
5861541,173516,3.76672622,409
5861542,124566,6.75287056,123
5861543,36934,19.9132534,29
5861544,168992,4.73006361,41
5861545,17158,4.44427193,105
5861546,12915,27.40267336,193
5861547,185318,13.37449,127
5861548,91807,35.83891944,42
5861549,94507,1.59037781,112
5861550,37344,27.10453452,25
5861551,163243,137.17060645,0
5861552,8972,5.30943617,89
5861553,123403,112.68334565,0
5861554,11556,2.1910615,38
5861555,44751,38.22759041,27
5861556,186813,69.51274358,25
5861557,107875,124.60472288,0
5861558,36934,25.73403031,28
5861559,12878,4.23178522,426
5861560,121003,1.77425593,44
5861561,54778,117.84202577,2
5861562,172460,90.13036399,4
5861563,60023,121.37891876,0
5861564,44751,96.70252999,9
5861565,20818,3.81912669,261
5861566,198508,26.60745019,58
5861567,22708,2.56596331,70
5861568,14513,12.25810909,86
5861569,165404,10.01529583,42
5861570,186813,147.84615982,0
5861571,186813,127.11175366,0
5861572,107413,20.58863441,72
5861573,109537,3.74501976,383
5861574,135334,31.2749807,66
5861575,62117,28.3721741,76
5861576,36934,49.57213175,24
5861577,270621,99.04195475,7
5861578,54141,5.30124144,88
5861579,59686,46.80248896,124
5861580,37344,56.09197662,20
5861581,59287,1.85635314,104
5861582,147797,24.82523373,226
5861583,72306,76.31933599,14
5861584,156328,2.65328668,228
5861585,83804,13.00234977,40
5861586,24762,27.07931039,239
5861587,134991,20.64171741,38
5861588,123403,78.6529316,32
5861589,175530,21.83217106,159
5861590,123403,121.09442038,0
5861591,22191,3.8725936,177
5861592,123403,127.37214691,0
5861593,123403,135.61766194,0
5861594,36934,98.39148551,3
5861595,55124,5.29717515,47
5861596,270621,41.41505025,64
5861597,6932,22.68244959,394
5861598,12915,25.36496896,195
5861599,200492,4.52075091,77
5861600,109507,2.05309051,36
5861601,172460,23.92982192,44
5861602,270615,66.97552522,26
5861603,270618,62.73583573,35
5861604,172460,68.61426782,24
5861605,270615,92.06384676,6
5861606,72306,10.08087524,46
5861607,33314,4.43879463,37
5861608,172460,9.99719669,50
5861609,46789,3.0670814,41
5861610,127629,48.51813151,34
5861611,29192,4.66215748,79
5861612,62989,19.30780861,57
5861613,36934,61.4243764,18
5861614,21426,30.2953379,93
5861615,101605,24.14128305,124
5861616,186813,110.19738317,0
5861617,163009,3.16382257,34
5861618,71468,5.39912722,88
5861619,163009,16.64234936,27
5861620,182424,56.1464094,40
5861621,109507,8.43752788,76
5861622,184147,25.8342608,25
5861623,197524,35.42992367,20
5861624,53552,107.84760073,0
5861625,189424,40.86559486,112
5861626,192037,5.44972068,81
5861627,63173,5.91724736,197
5861628,60023,80.83302412,14
5861629,396929,22.18015504,226
5861630,125317,104.87415215,5
5861631,10011,156.42606915,0
5861632,20338,26.59755702,50
5861633,182424,15.6983949,55
5861634,123403,50.81896079,50
5861635,189424,4.26626404,150
5861636,138329,32.64565966,34
5861637,124663,88.17635336,21
5861638,169856,2.05276681,261
5861639,170454,92.87152038,27
5861640,52664,33.30257973,36
5861641,182643,3.80539176,175
5861642,26760,95.61180675,8
5861643,88672,94.35448688,9
5861644,134991,26.08860043,34
5861645,140443,2.14144305,259
5861646,186813,31.7525815,37
5861647,44751,79.04934969,10
5861648,83804,93.23532568,2
5861649,52358,17.49650779,83
5861650,123403,99.05354557,1
5861651,200492,24.80313514,65
5861652,6179,4.63480937,61
5861653,44886,8.65652165,272
5861654,37344,17.04910598,29
5861655,82043,24.21181722,29
5861656,50564,132.68045679,0
5861657,123403,154.06324136,0
5861658,135334,28.73434709,141
5861659,135334,28.82103359,156
5861660,123403,128.64547976,0
5861661,123403,101.01493153,0
5861662,198508,17.60778437,51
5861663,20338,142.84176747,0
5861664,82043,93.11490939,11
5861665,69805,4.43909919,103
5861666,120374,3.45197893,26
5861667,163009,33.46628713,35
5861668,28536,16.5825587,32
5861669,6349,4.48467106,59
5861670,37344,36.85272826,23
5861671,123547,20.09484687,53
5861672,84905,24.9047066,84
5861673,53316,30.57391389,64
5861674,123403,143.90853074,0
5861675,12915,13.38978181,183
5861676,13473,3.82752614,354
5861677,102664,30.5611449,36
5861678,87794,93.40393604,19
5861679,36934,113.63659363,0
5861680,185318,26.50400963,126
5861681,20338,104.61201012,4
5861682,135785,32.00682251,119
5861683,44751,110.54357771,0
5861684,60023,28.67211971,49
5861685,163009,65.18487429,55
5861686,36621,26.10697878,34
5861687,43593,2.6454099,41
5861688,21013,63.49751024,70
5861689,132426,13.40578271,106
5861690,16243,9.87534354,98
5861691,169443,107.34945851,0
5861692,44751,28.27646331,31
5861693,135334,32.73771494,180
5861694,44751,72.15585145,13
5861695,37344,92.97355025,4
5861696,199205,12.15167163,127
5861697,174380,5.32540887,88
5861698,169856,2.04656568,248
5861699,199449,4.57031542,83
5861700,184147,33.85803812,19
5861701,84905,5.37296998,93
5861702,43681,31.60183159,27
5861703,423040,18.22529862,154
5861704,60023,129.20293301,0
5861705,123403,89.59283722,14
5861706,186813,33.73864403,34
5861707,174380,93.16204907,23
5861708,60023,138.36884605,0
5861709,123403,96.7914423,1
5861710,83804,95.09836632,2
5861711,165776,13.28993911,55
5861712,118955,15.91669602,46
5861713,6883,33.86154238,165
5861714,198508,4.58343639,47
5861715,124685,3.07469306,75
5861716,109733,1.81909484,134
5861717,50157,23.38344637,133
5861718,60023,130.44489703,0
5861719,36621,26.94166716,36
5861720,91807,77.14122486,15
5861721,123403,81.87371183,31
5861722,199205,2.78594855,140
5861723,138329,31.80610245,33
5861724,11054,21.98495435,140
5861725,37344,29.40711421,26
5861726,36934,82.25806867,5
5861727,100980,2.51802275,224
5861728,182424,4.56702549,75
5861729,161544,1.35135169,279
5861730,182424,102.28010109,8
5861731,36934,7.80147688,30
5861732,93078,36.54668803,19
5861733,187669,4.54892969,86
5861734,166666,2.33857981,268
5861735,11556,4.69410144,40
5861736,167940,13.42124339,84
5861737,270602,3.62492847,272
5861738,124566,19.97709987,83
5861739,109191,16.85593319,27
5861740,186813,40.30764745,34
5861741,163009,48.60241971,35
5861742,60023,144.59063219,0
5861743,86360,81.17905691,22
5861744,45096,9.17719044,112
5861745,83804,70.34769333,3
5861746,163009,63.07635102,47
5861747,123403,79.38120412,31
5861748,39706,1.84968962,93
5861749,179290,120.13019158,0
5861750,123547,1.69002733,58
5861751,53552,128.98904435,0
5861752,87794,41.35306172,46
5861753,168992,1.67706903,40
5861754,83804,11.33795963,94
5861755,15623,16.57271289,92
5861756,423043,39.07069008,134
5861757,10171,29.82498623,18
5861758,78835,4.24075269,109
5861759,118955,4.78684826,45
5861760,182424,62.52570255,40
5861761,169443,61.20390038,30
5861762,37344,17.63626644,32
5861763,109507,35.10429426,65
5861764,68903,2.40049858,223
5861765,72306,128.17629735,0
5861766,192855,2.79265021,110
5861767,123403,115.68997434,0
5861768,162203,36.05619125,22
5861769,37344,76.4624552,14
5861770,83804,28.13492359,35
5861771,37344,90.46106547,6
5861772,121775,18.75548838,23
5861773,83804,189.24831059,0
5861774,423040,3.78219274,184
5861775,423042,27.90665275,144
5861776,139351,20.38958969,20
5861777,181502,36.47714614,145
5861778,64464,3.67675076,215
5861779,83804,78.70318603,3
5861780,186813,165.57735122,0
5861781,149539,14.86659178,88
5861782,44271,25.24791905,172
5861783,162203,4.10105708,20
5861784,148275,2.00670426,235
5861785,50633,4.34461858,213
5861786,121775,21.7709073,25
5861787,124663,22.11330814,120
5861788,75525,4.31290314,462
5861789,13719,2.72821279,87
5861790,72051,24.96154628,38
5861791,137046,15.2352059,144
5861792,182643,3.83347828,210
5861793,163009,61.51785057,31
5861794,63766,20.111224,76
5861795,169856,30.86475091,217
5861796,112541,78.36277254,28
5861797,128220,4.47175435,78
5861798,84236,99.64474449,29
5861799,186813,52.75157784,30
5861800,95448,5.42378954,75
5861801,172460,134.05401017,0
5861802,84236,35.78606291,42
5861803,177383,24.28947503,33
5861804,20617,16.74358133,65
5861805,123403,108.94542734,0
5861806,270616,7.51465063,173
5861807,270616,15.75697185,129
5861808,123403,127.42019814,0
5861809,123403,94.04501223,3
5861810,123403,139.68458695,0
5861811,126353,0.56331819,54
5861812,109889,4.5266797,87
5861813,124663,26.0315762,110
5861814,72306,122.57646679,0
5861815,65636,4.2515209,153
5861816,83555,4.37723552,117
5861817,36934,90.31661288,5
5861818,125317,40.85431675,72
5861819,50564,83.60695441,16
5861820,105399,16.07783462,116
5861821,270618,106.77419718,0
5861822,64820,35.01769103,35
5861823,83804,18.20202595,41
5861824,172460,112.82653899,0
5861825,86888,4.87097644,263
5861826,87497,4.56250317,61
5861827,38563,21.17707349,151
5861828,199449,22.52246421,79
5861829,112944,5.3025312,118
5861830,113052,42.41632365,227
5861831,124549,3.94209624,316
5861832,172460,102.68882211,0
5861833,270615,99.04850309,8
5861834,48455,3.88753696,335
5861835,13342,20.97801192,171
5861836,120374,59.95303493,14
5861837,270615,43.14597847,83
5861838,36934,35.59020807,27
5861839,50633,2.68500119,214
5861840,21013,2.13887324,236
5861841,36934,39.70152891,25
5861842,83804,179.36152104,0
5861843,20617,13.24855786,54
5861844,270621,1.20629068,187
5861845,32333,5.34280751,96
5861846,270621,12.26633005,141
5861847,40133,2.63548198,223
5861848,123403,118.02590889,0
5861849,43112,3.83505162,135
5861850,60023,51.65300362,11
5861851,54217,40.33995666,53
5861852,163439,17.56689047,47
5861853,17921,41.72263833,128
5861854,84905,140.15126981,0
5861855,163652,14.97473834,91
5861856,54758,6.81648629,47
5861857,123403,85.3410139,25
5861858,163009,16.96119451,78
5861859,148275,34.96592128,141
5861860,81507,3.84668998,221
5861861,161683,137.09469157,0
5861862,135130,4.06212831,201
5861863,161200,135.03284003,0
5861864,36621,4.63541054,38
5861865,102911,5.3743495,92
5861866,60023,51.25423255,30
5861867,82083,57.4064874,72
5861868,8486,8.74492583,203
5861869,45815,118.02326236,0
5861870,169941,30.49725837,178
5861871,123403,1.47069758,183
5861872,105055,19.10441949,203
5861873,105055,27.76525723,229
5861874,186813,60.86876637,28
5861875,99382,35.51399328,120
5861876,17158,1.20196512,105
5861877,44751,123.4810408,0
5861878,172460,74.87845824,13
5861879,108410,4.72390605,41
5861880,15623,11.23301814,94
5861881,270617,116.46250702,0
5861882,172460,95.18472407,3
5861883,29192,114.86162373,0
5861884,423041,52.53081905,112
5861885,85872,4.71141039,87
5861886,36934,9.02890927,32
5861887,172460,91.79217013,4
5861888,139646,38.28148231,122
5861889,15623,4.89762121,73
5861890,117876,142.56138909,0
5861891,199449,127.61379385,0
5861892,83804,160.8124451,0
5861893,190427,101.38799984,0
5861894,79774,24.6749135,147
5861895,82043,106.33401454,4
5861896,102664,4.88230909,37
5861897,145670,4.54462078,85
5861898,184721,0.65168441,524
5861899,36934,70.75354229,13
5861900,52204,4.1624584,480
5861901,200313,3.65296797,336
5861902,163439,17.98771867,39
5861903,42416,3.80691639,446
5861904,270615,30.20721884,106
5861905,134126,4.44102041,47
5861906,200492,1.89989733,77
5861907,52664,64.3342782,77
5861908,45815,116.7499728,2
5861909,3522,130.80380357,0
5861910,10011,133.56007473,0
5861911,118797,15.14798577,411
5861912,22708,17.45572001,71
5861913,53552,79.88336535,21
5861914,171405,9.17629131,106
5861915,141020,3.94965505,160
5861916,26461,3.81296234,148
5861917,123403,107.15123528,5
5861918,46789,25.68671991,28
5861919,60083,2.73228237,116
5861920,83804,78.39126826,3
5861921,123403,121.89037021,0
5861922,186813,13.15411591,39
5861923,270615,19.36037221,125
5861924,189424,20.34985072,139
5861925,64442,13.44316936,77
5861926,10011,20.91263798,53
5861927,180428,91.62643253,5
5861928,186813,137.79426701,0
5861929,137046,3.82275171,155
5861930,63173,58.25877892,63
5861931,6932,4.18108969,470
5861932,16242,51.74577626,15
5861933,37344,46.57044133,20
5861934,135334,44.16340544,49
5861935,123403,116.73564445,0
5861936,34462,1.54458861,227
5861937,123403,124.40900935,0
5861938,37344,65.83806882,17
5861939,172460,123.6196624,0
5861940,177383,23.13298112,35
5861941,123403,96.23329027,21
5861942,44751,98.5067388,5
5861943,166369,110.09060143,0
5861944,166369,15.022838,69
5861945,107875,18.64787166,14
5861946,126258,52.62305682,20
5861947,107875,6.25504671,10
5861948,107875,33.33766132,16
5861949,126258,50.81606217,27
5861950,13431,4.15050246,7
5861951,187450,4.35636849,7
5861952,187450,19.68457954,17
5861953,187450,5.30578162,7
5861954,187450,34.81148031,17
5861955,107875,172.30169736,0
5861956,50633,58.09330797,31
5861957,50633,64.07709379,22
5861958,50633,70.69286638,13
5861959,50633,50.22474036,61
5861960,50633,58.93572147,46
5861961,187450,95.64534961,17
5861962,114845,30.99857508,145
5861963,50633,48.17817579,71
5861964,16242,50.18408581,7
5861965,83804,180.12627731,0
5861966,50633,37.48698357,104
5861967,166297,34.69128207,137
5861968,50633,34.76833141,122
5861969,50633,34.85643684,111
5861970,123403,39.55053544,71
5861971,65468,51.21115064,7
5861972,32983,40.31665147,39
5861973,32983,34.84434217,38
5861974,32983,25.8664175,36
5861975,12582,48.34925532,46
5861976,153081,42.69881042,46
5861977,32983,33.68329676,32
5861978,153081,42.70570158,47
5861979,153081,43.36851615,48
5861980,121165,36.94027598,50
5861981,32983,23.67512724,28
5861982,32983,23.81941952,26
5861983,121165,37.58236047,56
5861984,32983,22.78635155,26
5861985,32983,22.88729927,22
5861986,32983,43.12357366,17
5861987,32983,24.57062951,22
5861988,32983,56.09290833,115
5861989,121165,41.65779002,62
5861990,393635,59.37770988,97
5861991,30223,20.6074456,106
5861992,162947,50.96477253,165
5861993,32983,53.03601692,106
5861994,393635,44.78110644,110
5861995,181502,36.81305765,84
5861996,181502,20.94835646,108
5861997,181502,19.64657168,125
5861998,162947,19.38694454,172
5861999,162947,27.88488126,162
5862000,162947,33.66243486,158
5862001,393635,20.63319329,158
5862002,393635,20.51282677,136
5862003,393652,20.37536122,122
5862004,85703,16.31139317,111
5862005,150185,7.83516429,99
5862006,111202,23.9674802,55
5862007,45815,13.46970947,83
5862008,61460,9.86478542,84
5862009,75453,3.83535666,150
5862010,93721,31.14818037,173
5862011,135334,50.61826127,47
5862012,52066,26.99999273,58
5862013,83804,168.29339157,0
5862014,83804,137.74608822,0
5862015,85872,23.35637394,78
5862016,123403,141.14555215,0
5862017,123403,133.02644776,0
5862018,172032,20.0221453,230
5862019,83804,217.4150225,0
5862020,166369,113.76047758,0
5862021,63847,9.20485902,234
5862022,143321,36.00672686,160
5862023,83804,198.04726693,0
5862024,28496,27.2473745,73
5862025,50564,20.30659406,44
5862026,125317,25.58325383,105
5862027,109191,91.3245718,14
5862028,162203,36.48985654,21
5862029,109191,79.58460447,19
5862030,146986,74.05046899,20
5862031,107413,171.457217,0
5862032,166369,160.07554088,0
5862033,193112,26.29138199,77
5862034,193112,28.91483407,75
5862035,193112,26.26825455,77
5862036,170724,24.08302364,79
5862037,37344,111.83003134,0
5862038,37344,105.89714112,0
5862039,166369,43.04681042,33
5862040,101911,4.44576423,65
5862041,69340,17.79211881,90
5862042,196748,2.93243454,107
5862043,121775,14.25666801,23
5862044,139351,14.30650199,20
5862045,121165,73.42611791,69
5862046,139351,3.79964342,24
5862047,28496,17.20163697,77
5862048,383701,2.09159645,246
5862049,140335,27.12368592,53
5862050,196748,15.85939555,76
5862051,89935,68.72412786,39
5862052,146805,5.66786449,57
5862053,155561,10.99760193,73
5862054,146986,3.5540326,26
5862055,28536,41.82643092,25
5862056,193381,14.15857233,26
5862057,83804,23.8673217,40
5862058,184809,3.63345065,65
5862059,15623,36.25388356,49
5862060,117876,18.30465677,95
5862061,101911,51.56279849,13
5862062,60023,32.24110064,30
5862063,21102,154.25798954,0
5862064,83804,131.90878029,0
5862065,131610,33.39472417,46
5862066,60023,118.79851775,0
5862067,60023,100.72504643,0
5862068,156969,34.22766518,97
5862069,69622,32.72918156,99
5862070,155731,35.13858989,75
5862071,107413,61.01917391,44
5862072,117876,52.31847421,52
5862073,82043,13.28383062,30
5862074,193381,3.51441345,33
5862075,55119,15.55441752,57
5862076,86360,25.01751496,51
5862077,125317,15.33216848,54
5862078,32983,51.79786308,95
5862079,162947,70.70129685,113
5862080,162947,45.36305879,154
5862081,30223,48.2520102,90
5862082,30223,29.14992829,92
5862084,181502,29.095976,83
5862085,51647,34.17278808,71
5862086,174868,88.70094964,63
5862087,32983,73.41062865,67
5862088,171111,44.50416652,66
5862089,135911,5.12538572,104
5862090,396945,21.12727225,178
5862091,162947,59.09940076,122
5862092,55232,21.21039874,212
5862093,32983,49.64357556,104
5862094,135334,18.66945938,78
5862095,75453,2.73380654,224
5862096,37344,46.50821749,22
5862097,165404,83.71663316,29
5862098,112128,29.8824107,33
5862100,329740,64.76100578,83
5862101,71566,62.3182467,24
5862103,329740,56.06581769,93
5862105,330138,41.03858064,34
5862107,54345,52.23204393,36
5862111,14604,25.64008291,7
5862112,14604,47.59997221,7
5862113,145275,48.18191641,27
5862115,171884,66.11771178,7
5862117,71566,71.43546188,21
5862118,198759,12.98390153,31
5862119,131630,4.00121672,196
5862121,71566,66.52074824,26
5862124,71566,66.69557166,13
5862127,56691,5.34128159,89
5862134,14604,75.48055346,5
5862136,47674,45.8695648,78
5862137,329759,15.5016431,161
5862138,127215,7.79977038,81
5862141,31443,10.6446898,142
5862142,61862,66.7489131,5
5862143,170955,4.57664888,64
5862150,424013,13.3145449,60
5862151,198759,51.14768968,7
5862152,196097,12.95719952,93
5862153,423999,13.97390127,161
5862154,56691,20.11919316,63
5862155,159947,5.20705156,145
5862157,329737,21.18642212,120
5862162,141548,14.05243242,171
5862163,146808,23.6099677,142
5862166,330523,27.26609128,83
5862167,86485,3.29601883,147
5862169,71566,57.77718558,20
5862171,14604,69.70370008,7
5862176,329758,87.72105213,37
5862177,14604,40.23097766,7
5862178,14604,60.31636379,6
5862180,68527,3.196506,103
5862181,61862,62.12219888,5
5862182,108902,4.48732345,288
5862186,61862,76.02099208,5
5862187,330122,5.69049404,69
5862188,330297,40.70519234,78
5862189,61862,72.94309089,5
5862190,14604,87.89494222,3
5862191,423987,76.89800514,33
5862192,330138,33.58399322,41
5862194,100948,26.86340952,81
5862195,14604,78.38720348,4
5862196,153106,4.10142046,58
5862197,173483,43.34841837,32
5862200,119405,2.81021488,197
5862202,14604,45.49473298,7
5862203,330288,23.22470379,58
5862205,329737,33.35276019,111
5862208,71566,71.61597888,16
5862210,187383,35.14065131,117
5862212,329999,1.98046005,73
5862213,17880,46.79185865,92
5862214,105328,5.87400454,301
5862219,14604,63.62910736,7
5862221,329740,33.22286343,111
5862222,423998,13.89304309,170
5862223,2138,24.96570054,119
5862227,424012,10.74150607,71
5862228,50407,19.03983042,96
5862229,14604,75.94655753,6
5862231,14604,33.01960434,7
5862232,71566,76.37155607,16
5862234,121331,11.41081627,163
5862237,107440,2.77553028,167
5862238,14604,84.37551786,3
5862239,61862,72.17529805,5
5862241,153221,16.76117467,109
5862243,14604,13.51039294,17
5862246,196845,3.25992724,99
5862247,330288,46.91311433,60
5862248,198759,74.5095634,7
5862252,171884,40.00465185,27
5862253,179451,3.91959488,138
5862259,329737,25.79895933,118
5862260,198759,27.46432757,28
5862262,330744,19.09801225,184
5862263,329993,14.70385574,65
5862266,196845,4.03442997,81
5862267,198759,22.15424588,15
5862268,329999,39.08934752,34
5862269,14604,30.5720659,7
5862270,14604,33.30673925,7
5862273,199692,1.72119455,150
5862274,330290,61.48466218,61
5862275,329745,2.79514174,125
5862276,86485,4.24084332,174
5862279,423993,13.62397972,143
5862283,85453,1.65167704,60
5862286,329769,59.05768571,83
5862287,14604,21.05464619,7
5862291,182667,14.3385842,161
5862295,137089,73.4284769,139
5862298,9222,21.3628847,164
5862300,173137,2.04795531,141
5862301,197881,4.83864789,92
5862302,71566,51.29576706,30
5862303,121319,7.37356707,206
5862308,14604,82.0586061,4
5862310,330138,49.36903982,38
5862311,127239,33.36673722,44
5862312,329727,55.43583984,110
5862314,329727,20.75537265,122
5862318,47224,6.48629298,368
5862321,14604,68.75042736,6
5862322,68768,5.54595535,176
5862323,198759,76.78841495,7
5862325,329737,96.95369645,12
5862327,71566,42.24194797,31
5862328,423990,13.78767832,121
5862329,329740,75.33219669,70
5862338,14604,58.11594907,7
5862339,198100,21.39311722,79
5862341,127239,28.48809908,41
5862342,329737,98.56019481,16
5862344,157729,61.45520834,19
5862345,148826,3.04639609,155
5862347,14604,98.72207251,1
5862348,108504,3.98359968,75
5862350,329698,38.07856376,109
5862351,14604,95.0440144,1
5862355,41977,19.0165057,76
5862362,71566,40.40360785,28
5862363,38870,10.93853037,221
5862364,15426,26.64066125,56
5862366,37209,81.44827708,2
5862369,151809,2.44233447,65
5862372,329687,38.55804826,107
5862373,329737,26.99524525,113
5862374,132566,35.94500512,65
5862375,61862,59.72673547,5
5862376,17880,37.53054135,107
5862377,61862,35.50931929,5
5862378,14604,54.06264017,7
5862379,138819,23.7688388,75
5862380,103100,14.77412222,94
5862382,59340,2.24763696,83
5862386,57651,44.09179287,14
5862387,14604,56.17262836,32
5862388,132566,22.67476338,70
5862391,18988,3.0063731,118
5862392,400969,3.2366558,333
5862398,61862,28.54731982,5
5862400,198759,71.37955765,7
5862401,139298,36.84968116,101
5862402,158907,20.77645202,81
5862403,330138,42.08634364,38
5862404,173420,12.61856599,69
5862405,83203,0.55134216,121
5862406,329737,17.06408353,116
5862408,132566,40.76263194,63
5862412,15426,9.56476943,33
5862415,400866,6.88182685,280
5862416,96054,4.29571554,237
5862417,55802,3.84281424,266
5862418,14604,76.48012911,4
5862419,24482,3.98438598,76
5862420,146808,11.65735137,143
5862425,71566,48.29286366,25
5862427,330294,34.05107186,79
5862429,148826,17.11083308,153
5862430,400953,1.55916917,305
5862431,61862,76.80842715,7
5862435,59340,3.23914906,85
5862438,121011,3.87828912,118
5862439,61862,73.84418079,5
5862440,329758,54.19273491,92
5862442,14604,64.66216233,9
5862447,55401,5.62343589,280
5862448,77406,3.07658183,164
5862450,61862,34.86637719,5
5862452,105257,4.46980849,156
5862453,132566,42.30960936,54
5862454,112321,28.99776141,37
5862455,329776,3.72009514,195
5862460,198759,37.15402254,10
5862461,157396,6.86159292,72
5862462,38285,4.69734208,98
5862466,83203,36.04531023,73
5862467,330103,8.34479864,80
5862469,182485,7.3713619,272
5862472,17880,1.37672571,157
5862475,27673,11.46414827,63
5862479,100948,70.64823923,25
5862481,145275,55.60467376,25
5862485,190139,41.07592929,110
5862486,100580,14.84278628,113
5862487,329740,4.04928644,122
5862488,14604,54.78290765,7
5862489,127239,79.25060988,8
5862490,61862,72.17218854,5
5862491,127239,50.88957485,26
5862495,166541,4.77388529,177
5862496,61862,64.36322292,5
5862497,139298,37.58200268,96
5862501,178426,4.04722824,96
5862505,330589,17.7555345,103
5862510,14604,101.67662155,0
5862511,127239,88.43707116,11
5862512,159692,2.96622399,172
5862513,198759,93.10066875,4
5862515,330293,36.69952704,72
5862516,145275,29.41804069,75
5862517,80256,11.26516043,79
5862520,153106,20.63511276,57
5862521,153106,14.4132378,58
5862522,161473,18.82966954,152
5862525,329758,71.54577326,69
5862526,61862,15.93674447,5
5862527,61862,45.46465648,37
5862540,329737,39.67956671,119
5862543,129471,3.98840202,111
5862544,196845,11.89930265,61
5862545,329758,61.96987465,83
5862546,61862,41.81959812,5
5862547,61862,50.38126908,5
5862548,61862,40.61959889,5
5862549,134564,4.47917349,134
5862550,43150,3.30296226,120
5862551,105552,40.81913937,118
5862552,97614,4.65163189,121
5862553,9222,42.11257891,162
5862554,61862,80.80446685,9
5862555,61862,79.67255889,23
5862556,329731,3.14417821,125
5862654,47479,11.76277507,95
5862664,13702,4.04480234,260
5862665,14604,67.93994158,6
5862666,14604,71.68801226,6
5862667,14604,40.68820641,7
5862668,55401,4.48037184,272
5862669,129422,4.3031784,324
5862670,56081,42.13118675,79
5862671,2544,10.78712118,98
5862672,173651,56.70880707,68
5862673,56081,56.29186008,67
5862674,36313,11.78402746,60
5862675,2544,71.90006075,48
5862676,56081,73.79430306,61
5862677,56081,77.91055203,56
5862678,424014,10.84050483,56
5862679,56081,82.38592436,54
5862680,56081,12.16173444,99
5862681,98794,4.64004832,116
5862682,98794,7.01562632,118
5862683,150232,25.90232241,77
5862684,6183,11.81401676,114
5862685,154976,4.64161296,101
5862686,164530,4.6276807,91
5862687,86539,4.88120579,110
5862688,173651,4.50062674,104
5862689,66223,22.14779951,90
5862690,173651,17.49363776,81
5862691,173651,22.26712614,71
5862692,173651,30.33429978,76
5862731,68859,3.01507726,199
5862732,330372,9.86500366,202
5862733,330391,3.77137322,173
5862734,329747,20.64620413,163
5862735,107440,39.5934787,199
5862762,136719,16.56290227,108
5862763,136719,17.99223077,103
5862764,94600,23.28144286,94
5862765,199306,26.02412273,102
5862766,18070,42.6194432,92
5862767,329766,28.95997172,38
5862768,199306,29.8725855,82
5862769,329766,28.19570837,54
5862770,329766,41.08640282,59
5862771,104762,13.87021987,173
5862772,329766,61.65635189,52
5862773,329766,51.2772308,65
5862774,329766,52.62794124,62
5862775,329766,79.44279772,55
5862776,133536,82.95212936,28
5862777,423987,65.89056035,45
5862778,423988,67.20075625,66
5862779,423987,55.20876734,67
5862780,423987,43.36371686,70
5862781,423987,28.14756519,80
5862782,423987,7.94043259,82
5862783,135957,58.86801933,190
5862784,330682,13.7110613,166
5862785,15506,5.74914395,152
5862786,330737,1.6580751,195
5862787,85165,3.51935932,184
5862788,330744,14.01100714,150
5862789,50447,12.15290799,132
5862790,163062,3.35923227,124
5862791,44035,21.6634402,99
5862792,95308,6.85537775,182
5862793,181743,8.19079416,112
5862794,145275,13.17496591,85
5862795,145275,30.60651164,69
5862796,196097,33.396572,89
5862797,330298,56.96009312,74
5862798,330303,78.60945818,55
5862799,330298,36.53704188,87
5862800,196097,50.07362343,63
5862801,330294,42.38222459,75
5862802,330297,2.76991612,95
5862803,330297,22.70902057,87
5862804,330294,2.78288825,89
5862805,330293,22.5347429,81
5862806,330288,2.82388787,79
5862807,330332,10.08861882,146
5862808,329687,2.8508314,156
5862809,197416,9.8550089,118
5862810,330323,2.85937509,137
5862811,196097,5.15509312,128
5862812,330318,2.87499102,128
5862813,329694,2.88350513,142
5862814,14604,10.31981357,81
5862815,329699,2.81938659,129
5862816,329699,17.84612317,120
5862817,329699,26.06427276,119
5862818,329712,32.90426736,127
5862819,329716,2.88091364,135
5862820,329705,2.84393662,136
5862821,71566,19.50451095,33
5862822,71566,21.96960158,38
5862823,71566,37.0286432,34
5862824,127239,39.86830606,42
5862825,330138,47.37221023,40
5862826,71566,74.39825975,10
5862886,135337,40.13740595,37
5862887,424014,40.35708453,33
5862889,135337,26.6212117,41
5862890,36312,26.45977345,33
5862891,423988,25.21295357,115
5862892,17880,3.98070131,177
5862893,62512,9.80908766,45
5862894,56312,7.28470753,55
5862895,112773,11.70623698,56
5862896,112773,21.34059573,76
5863107,58280,53.60149499,40
5863108,57651,49.13357327,33
5863109,58280,30.53119667,51
5863110,137638,5.79111666,88
5863111,131374,4.78308232,71
5863112,29464,33.25030564,157
5863113,19126,4.60822008,90
5863114,103893,4.79871147,342
5863115,38247,37.30147083,30
5863116,133536,4.00840245,35
5863117,133536,4.41529696,22
5863118,133536,16.68625199,43
5863119,133536,9.52175651,22
5863120,329766,33.3483629,82
5863121,133536,21.64003308,20
5863122,133536,50.36166911,18
5863123,133536,68.68562662,14
5863124,127557,84.15089947,15
5863125,329753,53.17316569,33
5863126,329753,49.19452976,18
5863127,184934,74.58168704,23
5863128,58280,64.9840699,31
5863129,58280,62.52971849,35
5863130,58280,56.55601355,36
5863131,58280,73.43701816,26
5863132,58280,50.62601087,37
5863134,184934,38.77587074,38
5863135,58280,54.24351436,32
5863136,58280,31.96113744,38
5863137,184934,34.90388995,45
5863138,184934,26.88824963,40
5863139,127557,23.53222524,44
5863140,184934,18.56615821,43
5863141,184934,27.695667,38
5863142,127557,17.76686072,47
5863143,127557,11.04500878,55
5863144,127557,8.06509466,55
5863145,184934,5.55920683,48
5863146,133536,74.4322994,14
5863150,145088,3.90456941,178
5863217,161400,2.76192872,279
5863218,146121,12.25137551,332
5863219,94142,21.92552836,52
5863220,94142,31.89477593,50
5863221,110775,23.54837604,64
5863222,94142,4.04555826,56
5863223,72281,14.53460818,66
5863224,72281,4.08292625,64
5863225,110775,24.99848205,73
5863226,72281,4.28053349,70
5863227,94142,32.345187,63
5863228,329693,17.14728594,51
5863229,72281,34.47847575,74
5863230,329693,24.45610172,66
5863231,157729,53.2615371,23
5863232,57651,56.24493891,16
5863233,157729,82.54299941,15
5863234,57651,45.17678049,19
5863235,57651,26.6853269,15
5863236,57651,36.28603827,13
5863237,57651,29.24837989,15
5863259,3116,10.69540523,515
5863292,165377,9.02411849,31
5863293,57651,22.37891637,25
5863294,138238,8.96036713,74
5863295,186351,9.56509083,110
5863296,190940,9.35056282,145
5863297,91890,8.8241141,85
5863324,330288,36.85457013,59
5863327,37257,24.92860268,160
5863328,159706,11.95447015,196
5863329,53136,9.81122444,225
5863330,329769,9.15245605,122
5863331,329769,3.87107315,124
5863333,28467,4.26870841,296
5863334,17784,4.56038249,300
5863340,197881,8.1225451,96
5863341,88637,8.23625955,110
5863349,152948,30.97273263,141
5863350,424005,29.04500788,157
5863351,159706,5.64922276,131
5863352,159706,5.66951596,124
5863353,22727,5.50635312,310
5863354,35495,4.35215099,316
5863355,103015,4.36388224,333
5863358,400955,5.04324537,317
5863359,400933,4.03290608,333
5863364,14604,55.32391521,7
5863365,14604,41.57652604,7
5863366,14604,27.91254724,9
5863373,190139,33.87143271,109
5863374,48356,22.85278162,103
5863376,37257,34.68567102,139
5863377,329737,73.70265568,90
5863384,27390,6.70731908,81
5863385,138819,6.47949001,34
5863386,163473,5.18610132,75
5863387,90525,5.23254425,108
5863388,43723,6.2856855,220
5863389,62351,4.1199793,225
5863390,93184,4.73299953,262
5863391,62228,0.97822325,265
5863401,75726,37.96404747,42
5863405,329766,20.23820663,36
5863406,133536,68.03007159,22
5863407,133536,65.74832818,18
5863408,330523,48.62191965,90
5863409,330523,4.56299955,216
5863410,330523,2.29848308,101
5863411,330473,4.01721289,203
5863412,45398,7.95212526,148
5863413,58205,8.49420579,151
5863414,152023,4.97055208,116
5863415,95308,21.39884193,130
5863416,330310,14.94260753,110
5863417,330310,14.94260753,115
5863418,330297,22.52807991,100
5863419,330308,27.26535687,103
5863420,330326,2.7626468,140
5863421,330332,16.77923001,130
5863422,330138,65.1874402,30
5863423,71566,53.71791556,31
5863426,157515,4.24959211,153
5863427,37064,3.88675404,144
5863428,47674,4.00847551,46
5863429,62512,21.91970511,35
5863481,57651,58.03476372,52
5863482,57651,57.38061798,46
5863483,423986,45.40896324,54
5863484,88832,5.12697245,76
5863485,134605,4.89493666,85
5863486,137638,5.20129692,148
5863487,166843,32.52517602,181
5863488,29464,24.49830278,144
5863489,423987,64.95514144,31
5863490,127557,67.64897277,22
5863491,37209,33.33972124,14
5863492,21050,39.34004628,17
5863493,37209,12.7285369,14
5863494,112128,27.24747654,28
5863495,112128,13.01711315,29
5863496,157729,32.29690432,16
5863497,76852,19.33318235,20
5863498,34513,21.53147417,19
5863499,157729,10.51669492,18
5863500,93279,7.94070909,52
5863511,329753,22.81792677,18
5863512,329700,2.88193345,43
5863515,48866,3.34527154,134
5863516,48866,25.57575076,129
5863527,125304,17.71045322,88
5863528,57651,59.40611407,26
5863530,154785,53.16459089,18
5863531,59777,13.26782468,77
5863532,27490,12.12945788,110
5863533,59777,125.40657378,0
5863534,123564,176.32428702,0
5863535,184962,26.83604051,327
5863536,126478,46.90282372,230
5863537,7623,117.3638565,0
5863538,163618,8.98613667,80
5863539,422943,12.68442026,49
5863540,188234,1.56218874,264
5863541,193374,30.79548302,318
5863542,188234,13.19068103,88
5863543,73452,72.84178022,21
5863544,330610,2.74003415,137
5863545,271467,1.00064435,135
5863546,329922,34.01512398,103
5863547,21322,73.02141482,85
5863548,188234,6.12645593,146
5863549,41940,39.06612994,57
5863550,65755,16.13909088,13
5863551,134544,54.52194377,69
5863552,73452,56.8040034,10
5863553,146853,170.82611123,0
5863554,188234,36.9296324,19
5863555,122739,71.98833791,38
5863556,271467,17.75036906,139
5863557,146853,127.06668663,0
5863558,172730,5.33775023,59
5863559,116956,38.23841353,19
5863560,389790,8.95419887,418
5863561,155064,13.79105161,115
5863562,114700,11.05793555,61
5863563,79701,11.68749935,131
5863564,123564,168.92468008,0
5863565,393433,34.95319048,175
5863566,4522,114.38113493,0
5863567,135120,3.98484872,142
5863568,389761,6.60164823,344
5863569,53120,4.33055644,135
5863570,106887,42.83848678,56
5863571,34982,36.97074772,122
5863572,190106,3.89067782,174
5863573,193828,46.30155367,109
5863574,193374,31.78983155,309
5863575,75726,52.38764808,37
5863576,41701,43.00637567,65
5863577,149080,44.98775714,63
5863578,132190,9.87381875,56
5863579,117580,140.75795785,0
5863580,153371,8.18667053,18
5863581,96884,12.81123851,333
5863582,393433,84.00358306,6
5863583,148487,13.84239006,155
5863584,117580,134.47990436,0
5863585,41701,27.76321594,149
5863586,393433,38.75157304,145
5863587,9222,15.41298735,147
5863588,91550,34.5102045,113
5863589,73452,48.83989126,13
5863590,37886,3.92482845,135
5863591,104226,77.42115775,95
5863592,158554,28.15161615,86
5863593,95430,80.38199653,50
5863594,92276,3.6460396,160
5863595,393433,24.46354343,277
5863596,36356,17.8226506,142
5863597,126478,52.98311376,180
5863598,330357,27.61319549,26
5863599,153371,45.3561585,2
5863600,168320,3.86132463,131
5863601,73452,2.21776049,13
5863602,78479,14.07334535,45
5863603,166540,79.85422328,6
5863604,393433,76.99343219,6
5863605,390677,27.80103233,44
5863606,102911,125.90967082,0
5863607,329936,7.47271501,42
5863608,36356,39.07651993,88
5863609,166248,103.26894378,4
5863610,122685,4.90477256,142
5863611,30829,74.03015602,8
5863612,422943,12.39367486,49
5863613,164928,29.17156311,44
5863614,188234,25.44930669,84
5863615,330605,15.44247082,130
5863616,125500,106.95122246,0
5863617,59777,108.26668434,0
5863618,169747,102.37400038,2
5863619,149080,28.06379097,44
5863620,59777,71.57420087,19
5863621,60715,47.41930279,138
5863622,329936,70.9218319,32
5863623,4522,98.27801069,14
5863624,74287,17.78996298,109
5863625,73452,80.17691544,19
5863626,330146,1.94339789,104
5863627,75726,41.80073995,42
5863628,330460,2.86025751,160
5863629,91550,49.57936214,78
5863630,172032,28.40338188,203
5863631,329897,5.53598649,49
5863632,91877,4.70997965,136
5863633,193374,44.7540387,257
5863634,70737,13.32663218,110
5863635,135120,69.2661011,87
5863636,90281,65.22359686,10
5863637,271467,50.50866498,85
5863638,175359,5.96420438,34
5863639,52059,55.62548328,86
5863640,103545,43.27325419,10
5863641,389856,2.34001757,630
5863642,125500,5.18139901,126
5863643,153371,60.25841972,2
5863644,149080,53.7935756,55
5863645,188234,45.86638206,37
5863646,153371,41.95906441,2
5863647,98650,1.89117246,469
5863648,39799,3.84703806,145
5863649,390609,115.99830934,0
5863650,156049,158.19902494,0
5863651,110442,14.49567754,26
5863652,188234,61.96840098,23
5863653,390609,115.82614706,0
5863654,166480,31.43537602,79
5863655,330089,61.56403626,81
5863656,26365,45.601854,102
5863657,117580,41.78246025,15
5863658,45903,71.02370752,74
5863659,28414,8.37049111,207
5863660,162735,53.59782882,90
5863661,102753,38.09235669,142
5863662,92276,37.4638352,140
5863663,148487,25.80424163,145
5863664,174382,5.65810656,91
5863665,96884,21.64382574,280
5863666,396561,10.68875199,154
5863667,390645,4.1183258,363
5863668,25599,23.54373806,46
5863669,63505,12.26899555,59
5863670,36356,47.47580377,68
5863671,116429,3.51176052,134
5863672,65963,151.78833357,0
5863673,181766,48.1947887,91
5863674,91550,61.64534594,94
5863675,119980,33.70747277,67
5863676,330557,48.34141267,190
5863677,41701,112.13973244,0
5863678,156049,114.80534749,0
5863679,121476,2.05114806,93
5863680,73452,50.73187357,13
5863681,108173,17.08073354,95
5863682,330598,39.23553467,121
5863683,166540,53.69085749,225
5863684,146853,87.48888012,18
5863685,80205,26.96025074,278
5863686,181548,12.20038329,317
5863687,121476,19.22754272,100
5863688,143622,104.43526685,0
5863689,86961,3.44361103,205
5863690,330560,27.86380415,178
5863691,73773,15.43170896,107
5863692,154785,47.65501229,69
5863693,184100,28.06776407,70
5863694,182843,23.26600994,314
5863695,330079,21.16190517,68
5863696,59777,47.23266755,51
5863697,74474,21.09004294,309
5863698,96884,21.64382574,282
5863699,330560,29.88256069,178
5863700,81494,2.29203924,95
5863701,59777,89.52666637,2
5863702,98017,9.98392956,234
5863703,153371,119.42551778,0
5863704,117580,129.15830109,0
5863705,329878,3.55424004,66
5863706,330860,57.16475502,120
5863707,154879,25.49421048,104
5863708,101897,4.69411496,90
5863709,13047,126.64749649,0
5863710,330089,14.4477826,58
5863711,95430,5.21742718,126
5863712,329921,64.56460654,59
5863713,73773,29.786103,95
5863714,330560,53.54394729,181
5863715,196141,30.29990052,190
5863716,122940,85.2905866,7
5863717,6495,20.33558507,41
5863718,146853,95.89445013,3
5863719,41940,8.13250784,56
5863720,330900,32.0200199,151
5863721,175359,26.11769676,28
5863722,6495,30.64427807,39
5863723,187222,112.53763952,1
5863724,65963,91.80829252,6
5863725,188234,58.4845079,19
5863726,86961,15.95394905,211
5863727,59777,78.63209067,19
5863728,192817,5.22262478,100
5863729,164928,31.30642562,42
5863730,37886,70.27818974,95
5863731,196141,75.16737806,9
5863732,106887,61.44208117,42
5863733,108505,127.60383158,0
5863734,121877,8.49028565,485
5863735,90281,99.00750192,6
5863736,90281,23.86382315,180
5863737,156049,74.28792988,9
5863738,330844,2.99870512,144
5863739,330557,56.08792998,180
5863740,122971,46.956397,91
5863741,4361,86.89003036,46
5863742,330836,16.7613442,146
5863743,182467,29.16033031,143
5863744,331060,11.67726598,117
5863745,175359,18.06367361,30
5863746,134317,5.01401712,264
5863747,123564,161.32693999,0
5863748,146853,85.46082277,24
5863749,73452,56.50191424,13
5863750,164928,12.49871073,57
5863751,268463,44.88687631,80
5863752,197832,4.0714226,134
5863753,102697,4.88922113,63
5863754,175359,58.85718637,31
5863755,130907,7.89164602,171
5863756,149080,39.60068221,64
5863757,28603,6.43366094,153
5863758,62280,16.15613692,103
5863759,90281,59.24667017,10
5863760,157490,3.21619996,313
5863761,393621,12.21419218,261
5863762,146853,33.08591117,105
5863763,330548,21.47412431,207
5863764,330089,15.22352012,71
5863765,69879,16.1576515,143
5863766,119980,6.49997846,85
5863767,59777,90.0790035,3
5863768,23857,27.79969087,12
5863769,131877,3.83980258,132
5863770,87590,26.04028823,116
5863771,200412,37.42936325,88
5863772,95553,57.4017695,61
5863773,143622,64.46688135,89
5863774,271467,25.90074906,115
5863775,390609,18.14939458,77
5863776,166248,76.72552821,8
5863777,62280,13.20213979,85
5863778,421694,74.57794999,37
5863779,23857,33.30796313,11
5863780,330594,65.51492505,135
5863781,87590,51.37518352,98
5863782,389912,8.54420412,862
5863783,73048,28.28385853,93
5863784,30829,17.62185842,203
5863785,50861,3.80204336,134
5863786,184708,19.72008833,81
5863787,110442,28.42526635,26
5863788,199110,60.90014552,98
5863789,95430,56.19318958,93
5863790,143333,21.79650993,53
5863791,42471,4.87364186,130
5863792,73452,39.32681896,13
5863793,116991,17.10060984,135
5863794,32242,110.54616118,0
5863795,76102,13.5464821,233
5863796,32242,95.86669999,8
5863797,122971,93.28156267,10
5863798,146853,167.70924886,0
5863799,146853,98.41633734,2
5863800,4361,118.32437132,0
5863801,393433,41.12446528,113
5863802,122971,92.72081148,5
5863803,31033,2.75402019,152
5863804,390677,18.42856403,70
5863805,330447,2.76473334,177
5863806,73048,19.96358708,77
5863807,117580,134.56637792,0
5863808,112823,4.98671758,132
5863809,116956,40.45277156,19
5863810,27316,5.07103936,114
5863811,156049,120.06967383,0
5863812,59777,27.08115832,59
5863813,396544,11.28220718,212
5863814,143622,49.71007381,104
5863815,13758,31.45396741,104
5863816,156049,45.12834301,58
5863817,166540,44.77739669,253
5863818,166540,50.8784172,188
5863819,132190,27.77281424,81
5863820,146853,131.06645398,0
5863821,330860,52.88321187,118
5863822,110442,16.0379247,26
5863823,175359,47.932039,58
5863824,30829,33.58970166,121
5863825,133327,40.25014133,34
5863826,41701,13.13190113,243
5863827,62280,32.96592132,80
5863828,329928,25.34976291,99
5863829,389846,1.08870033,677
5863830,330080,1.98920685,77
5863831,57907,13.07535247,246
5863832,182944,14.01953882,94
5863833,73048,16.64522474,76
5863834,116370,85.26696379,52
5863835,97992,25.08001515,11
5863836,153371,32.17362436,4
5863837,329934,86.71595059,35
5863838,145943,15.21859133,93
5863839,106887,68.5884861,50
5863840,146853,105.01684213,0
5863841,152597,24.20407708,133
5863842,80892,19.74591833,125
5863843,25599,31.80631203,42
5863844,59777,29.84198914,55
5863845,181066,9.849722,54
5863846,18238,20.24428423,136
5863847,396561,18.97138168,152
5863848,123021,3.47691632,129
5863849,117612,3.96188152,316
5863850,85771,16.15196528,101
5863851,89314,35.62356652,64
5863852,390467,57.36011148,25
5863853,50861,4.44692076,129
5863854,175359,14.00030257,39
5863855,330892,1.37101722,159
5863856,117580,153.93338591,0
5863857,59534,96.56980361,7
5863858,181548,28.99048779,240
5863859,32242,11.10384572,116
5863860,166540,36.96395513,269
5863861,125500,21.86497556,112
5863862,4361,156.4876459,0
5863863,55187,11.32193917,185
5863864,30829,83.63550599,7
5863865,65963,70.75843543,9
5863866,182467,86.40102892,85
5863867,74287,3.48221958,76
5863868,330061,21.42175132,79
5863869,75726,47.81564232,48
5863870,165009,27.067268,103
5863871,390609,18.09824967,73
5863872,132190,20.76977516,86
5863873,154785,24.05676665,76
5863874,23147,56.2431834,28
5863875,52059,37.00126676,108
5863876,78758,68.8722139,7
5863877,87590,82.57691236,44
5863878,2904,4.63301845,141
5863879,40438,18.76509742,97
5863880,122971,133.23932857,0
5863881,330353,49.17434595,151
5863882,43070,41.5899082,120
5863883,329936,22.76007271,72
5863884,92918,11.41028302,531
5863885,188234,52.54263841,19
5863886,330359,34.39171574,10
5863887,396544,12.83989886,202
5863888,330435,44.43122525,117
5863889,330435,38.79188795,108
5863890,146853,129.4439429,0
5863891,330070,14.27146934,60
5863892,100515,14.11051962,64
5863893,330435,24.87489248,83
5863894,34982,13.35644225,106
5863895,330063,21.51910127,118
5863896,91550,51.67108694,119
5863897,166728,40.90045056,40
5863898,93689,42.2910199,115
5863899,31423,24.1109914,39
5863900,80207,64.05711591,123
5863901,140989,4.95514053,79
5863902,271466,24.3255959,129
5863903,137047,8.59155654,84
5863904,116370,116.69780484,0
5863905,31423,5.88344007,32
5863906,146853,172.95272821,0
5863907,330892,3.00452138,163
5863908,52059,128.00983085,0
5863909,23147,44.99678456,49
5863910,116991,4.57095792,164
5863911,393433,25.46863704,243
5863912,195779,94.46617913,20
5863913,34982,58.12792041,121
5863914,194370,33.10389991,230
5863915,59777,9.02124404,75
5863916,389828,36.73768841,278
5863917,108261,22.4577204,135
5863918,52059,3.94346856,127
5863919,122971,86.5914252,213
5863920,60715,72.43825101,118
5863921,146853,77.94084674,32
5863922,166540,31.63497244,273
5863923,164928,38.14677102,39
5863924,61862,76.83146608,5
5863925,126478,15.50151932,343
5863926,330447,63.78969748,158
5863927,61862,70.06124634,5
5863928,116956,56.26706746,17
5863929,58376,143.63103379,0
5863930,182843,12.15015815,341
5863931,65430,16.99838457,210
5863932,156049,129.93820863,0
5863933,157605,5.5270436,100
5863934,116956,38.22315597,19
5863935,61862,69.25476217,5
5863936,61862,57.27666384,5
5863937,73503,4.73667568,67
5863938,116956,53.37985748,17
5863939,59777,42.85801969,49
5863940,2201,12.63621541,131
5863941,105869,66.46375089,225
5863942,32737,59.85001901,17
5863943,389893,1.86665361,681
5863944,390431,10.76629661,136
5863945,146853,102.29252305,0
5863946,330545,1.7495783,197
5863947,112496,27.39894902,69
5863948,78758,12.79347431,201
5863949,175359,43.98316352,27
5863950,90281,96.77452455,5
5863951,390609,6.58713116,84
5863952,153371,123.10084772,0
5863953,112991,57.12557064,66
5863954,73452,48.30997915,13
5863955,125500,90.52713785,20
5863956,91550,35.81514773,88
5863957,121877,22.490363,501
5863958,330087,1.95420687,91
5863959,123564,170.30546341,0
5863960,330900,7.2965888,162
5863961,182467,66.64009652,114
5863962,117580,58.56309462,17
5863963,106887,56.4870938,59
5863964,329936,85.94969375,36
5863965,271467,35.48770409,110
5863966,154785,3.92905162,85
5863967,330070,16.53598579,58
5863968,331155,2.58897701,125
5863969,91550,45.89447576,113
5863970,177358,13.64050348,200
5863971,31423,18.49299617,42
5863972,393439,90.69626607,35
5863973,330545,2.68787289,196
5863974,169275,2.77459317,89
5863975,45903,12.97256386,135
5863976,390677,26.64642188,38
5863977,62280,13.46678499,92
5863978,187222,32.05699158,74
5863979,121974,7.24412792,397
5863980,9222,3.85430918,155
5863981,23147,50.24958312,47
5863982,52059,47.48958649,91
5863983,601,12.72990343,71
5863984,172837,2.25012412,109
5863985,33699,13.68488999,328
5863986,6495,23.07014288,87
5863987,57907,110.29526489,0
5863988,47562,59.20877916,32
5863989,166014,4.82630755,137
5863990,46116,4.63341858,163
5863991,184708,4.72672002,78
5863992,140301,12.67372426,26
5863993,422942,12.22605945,49
5863994,143622,23.60657952,114
5863995,148487,18.88175435,97
5863996,73452,63.39876995,14
5863997,77887,80.52985937,50
5863998,183576,51.72598181,26
5863999,112991,55.38477056,76
5864000,52059,37.04501066,103
5864001,4361,35.60515579,105
5864002,167641,3.86011937,161
5864003,59777,37.48412021,57
5864004,33699,12.29223427,353
5864005,82146,3.90944037,163
5864006,184962,4.06669605,343
5864007,33699,28.07177541,293
5864008,52059,15.04232957,121
5864009,29590,7.66308085,123
5864010,4361,24.65865724,119
5864011,59777,81.84716541,37
5864012,105765,58.08671287,60
5864013,390467,1.13007001,84
5864014,64318,38.52074604,143
5864015,111507,3.75290159,159
5864016,117323,31.04490191,295
5864017,330063,12.23574289,63
5864018,393437,61.26605615,218
5864019,162735,26.71841359,112
5864020,33699,39.98292575,234
5864021,132620,7.58228293,467
5864022,330828,33.34055109,106
5864023,122971,83.83503387,150
5864024,112496,18.55859695,75
5864025,104226,3.87985744,135
5864026,155764,54.70315235,52
5864027,389756,4.60228137,278
5864028,75726,16.3434629,46
5864029,153547,54.74863615,91
5864030,146853,81.74198103,25
5864031,73452,1.42644304,13
5864032,90281,21.63176152,186
5864033,2551,18.53138547,153
5864034,146607,31.64149916,80
5864035,271466,43.33271097,95
5864036,105744,3.64149352,129
5864037,123564,162.43020197,0
5864038,156049,137.87473679,0
5864039,330063,20.04126718,55
5864040,41701,127.84485496,0
5864041,331235,38.80068685,112
5864042,65755,51.99983636,25
5864043,126478,46.90260844,231
5864044,393455,124.93866146,0
5864045,73452,75.01230099,36
5864046,73452,80.17691544,29
5864047,64141,6.76074324,116
5864048,329770,24.280671,26
5864049,146853,148.50002701,0
5864050,163009,34.24521434,93
5864051,175359,19.37038898,43
5864052,60857,4.33354852,92
5864053,390609,164.98184439,0
5864054,393624,24.04087628,113
5864055,393433,72.84483417,6
5864056,393433,48.5665212,90
5864057,65755,86.25470461,50
5864058,153371,16.63949161,10
5864059,393433,23.76219748,264
5864060,27490,29.05770776,98
5864061,330435,32.08820698,78
5864062,82501,20.84990184,88
5864063,182225,35.04026751,104
5864064,330344,52.82706856,161
5864065,103545,6.51562365,12
5864066,41701,52.72948437,20
5864067,197832,65.78659881,103
5864068,330860,3.00808353,172
5864069,148487,28.10935604,168
5864070,330357,42.11814348,26
5864071,87590,86.60752242,35
5864072,330089,57.755256,79
5864073,152597,60.7671583,114
5864074,156049,56.28173439,14
5864075,331209,41.53669771,116
5864076,175359,22.65695628,48
5864077,405800,135.9550383,0
5864078,146853,163.94977936,0
5864079,330900,37.90464297,146
5864080,13047,1.70333827,833
5864081,61862,20.90390596,9
5864082,154879,124.51838866,0
5864083,97992,55.54482586,8
5864084,135491,4.28801423,153
5864085,29673,3.95759686,125
5864086,330560,2.73014121,187
5864087,61862,61.82131701,7
5864088,154785,52.02786688,19
5864089,36356,14.97383392,128
5864090,129228,32.71378885,198
5864091,108208,2.64010195,77
5864092,122971,98.79081162,144
5864093,154785,39.60680286,27
5864094,268459,10.75774514,95
5864095,329897,35.53182538,58
5864096,61862,57.85956298,7
5864097,78479,21.21419313,65
5864098,10259,21.34819708,77
5864099,421707,62.44373626,44
5864100,389893,4.02197802,762
5864101,184100,73.38953938,79
5864102,117580,145.88604813,0
5864103,330359,22.78072266,17
5864104,61862,46.2468131,7
5864105,393433,44.73341943,192
5864106,329923,58.97448936,30
5864107,90281,87.30155437,7
5864108,2551,3.94962593,145
5864109,330500,9.91790336,236
5864110,3165,3.89940495,24
5864111,165505,1.82735764,64
5864112,422944,12.8106284,54
5864113,268460,48.1682428,69
5864114,13758,23.5563976,106
5864115,601,37.04334382,65
5864116,169747,70.88713524,65
5864117,329897,17.30721721,60
5864118,7623,17.95145605,132
5864119,45903,128.56806889,0
5864120,96024,2.87146911,31
5864121,330841,3.26377694,141
5864122,156049,69.00190727,10
5864123,271467,24.97897549,111
5864124,142836,3.93241713,202
5864125,8189,10.26928881,156
5864126,169747,119.65639696,0
5864127,75726,3.38172193,91
5864128,63505,38.36727969,46
5864129,271466,30.3241046,94
5864130,36356,27.46586717,120
5864131,195511,13.98003814,44
5864132,30508,48.50212829,53
5864133,330836,3.23324106,147
5864134,63173,42.2068264,81
5864135,27925,13.33697562,155
5864136,122971,117.51711582,6
5864137,143450,32.68322071,29
5864138,166540,62.04045056,154
5864139,165009,13.98450897,86
5864140,33694,6.90196704,69
5864141,330431,27.97002247,172
5864142,268460,27.50724675,83
5864143,146607,23.30574402,73
5864144,108261,55.52755411,117
5864145,172838,5.16048093,219
5864146,120514,8.84873319,114
5864147,329935,40.25932879,120
5864148,65963,177.69890915,0
5864149,7623,45.57585077,112
5864150,59777,115.23008787,2
5864151,59777,50.12645739,47
5864152,389828,39.03931786,267
5864153,134544,37.00953522,86
5864154,146853,117.96793943,0
5864155,106891,20.8113166,57
5864156,143622,137.66233889,0
5864157,390677,43.40953678,30
5864158,1146,14.38295092,65
5864159,268463,36.5969033,78
5864160,86961,14.89106744,185
5864161,129228,34.03921072,172
5864162,196141,43.04865112,112
5864163,86961,13.31010301,211
5864164,390351,15.5836481,152
5864165,421694,70.67328058,37
5864166,146853,66.31697446,82
5864167,390609,78.25888431,1
5864168,393433,44.51404248,162
5864169,146853,50.29923437,99
5864170,330089,54.95350732,86
5864171,90281,121.40559604,0
5864172,330766,21.83628036,109
5864173,153371,53.30006622,2
5864174,330594,12.44394937,137
5864175,186442,4.39075271,150
5864176,156049,115.65670079,0
5864177,182225,32.36923072,82
5864178,13758,43.92442267,89
5864179,116956,50.28784189,17
5864180,146853,126.86441063,0
5864181,101069,9.50612234,234
5864182,189245,3.59068813,131
5864183,329897,5.5646873,57
5864184,393433,38.82356352,172
5864185,188234,39.79567474,19
5864186,2904,17.13397123,130
5864187,268459,31.04264936,93
5864188,329770,28.68988516,26
5864189,330380,27.85521188,26
5864190,147828,41.83828457,71
5864191,182225,54.02909432,102
5864192,21322,58.97959577,96
5864193,329936,63.28007019,32
5864194,122971,98.0294855,70
5864195,31535,25.31364413,84
5864196,422944,13.91519746,52
5864197,90281,77.70270534,9
5864198,331218,54.9716937,104
5864199,268462,52.56993526,73
5864200,100801,19.49999704,144
5864201,56874,13.979488,149
5864202,329887,2.96742101,105
5864203,164928,12.2483249,58
5864204,268460,45.09136104,76
5864205,162735,73.43369433,64
5864206,271466,25.50937088,104
5864207,137190,17.57070106,82
5864208,153371,33.00307139,2
5864209,168320,3.9798648,137
5864210,390242,4.04731057,93
5864211,422944,31.23536677,53
5864212,271467,48.58602865,82
5864213,122971,15.96539648,233
5864214,154785,48.17988637,49
5864215,268461,16.20490726,91
5864216,195511,13.19477242,36
5864217,87590,106.67002038,0
5864218,96884,27.94874599,265
5864219,393433,71.31081026,6
5864220,13758,34.42942708,72
5864221,188234,48.09345538,19
5864222,59777,116.99536541,0
5864223,59777,120.27551469,0
5864224,75726,60.97558363,46
5864225,7623,61.69322118,100
5864226,136705,76.85689695,33
5864227,390609,24.778713,67
5864228,91550,34.54974398,101
5864229,268459,46.56631097,87
5864230,142545,17.26679651,326
5864231,191858,40.53751806,127
5864232,601,12.90865063,67
5864233,122971,128.88537595,0
5864234,268460,29.79276381,82
5864235,80892,14.18575389,142
5864236,330560,28.49532151,188
5864237,330885,52.99390893,136
5864238,142545,13.4885317,319
5864239,102753,4.25103034,153
5864240,59777,60.28457498,41
5864241,33427,4.08733421,171
5864242,164928,25.45785138,46
5864243,78148,4.29248888,155
5864244,330605,2.82081777,138
5864245,25599,12.29627809,56
5864246,122940,103.21593895,4
5864247,75726,54.72587134,47
5864248,106887,36.660019,65
5864249,103634,4.59199791,98
5864250,59777,69.58121872,28
5864251,122940,90.86678521,6
5864252,27490,40.06154288,74
5864253,106645,5.00707385,121
5864254,48447,60.34342013,92
5864255,153371,56.69360985,2
5864256,330089,61.90413711,86
5864257,421695,66.02612075,47
5864258,330089,41.97234599,82
5864259,73452,78.67146961,15
5864260,123564,166.67438325,0
5864261,153371,98.00532447,2
5864262,162735,46.11980077,101
5864263,123564,170.35750176,0
5864264,393433,78.9936658,6
5864265,188332,12.18941432,68
5864266,48447,59.71957911,40
5864267,330404,57.48241821,115
5864268,106891,59.70830051,110
5864269,330585,37.55114967,149
5864270,122940,12.84791113,327
5864271,129228,69.86279564,98
5864272,330373,2.83799226,129
5864273,63505,49.70182041,73
5864274,48447,73.51883231,48
5864275,196141,13.17147319,275
5864276,30829,54.71226575,21
5864277,329897,25.59152525,65
5864278,393433,70.79078424,6
5864279,271466,19.96939901,114
5864280,153371,59.46189414,2
5864281,78479,16.49857942,64
5864282,188332,45.18034722,73
5864283,330394,12.39418842,133
5864284,390467,39.49794209,82
5864285,90281,62.90828336,10
5864286,108261,93.15552132,32
5864287,330560,41.16181852,179
5864288,21322,124.69661869,0
5864289,193374,20.82103006,347
5864290,330885,40.59742702,149
5864291,197832,49.19767458,114
5864292,330878,44.63859312,144
5864293,63505,47.1163779,73
5864294,129228,72.29934105,93
5864295,152963,24.21797922,73
5864296,166248,13.57306837,283
5864297,405799,131.08153775,0
5864298,54059,116.98698502,0
5864299,330368,14.42383406,128
5864300,166248,12.26019084,292
5864301,196141,105.75388216,4
5864302,23857,10.85460074,13
5864303,153371,61.26024449,2
5864304,146853,10.41802647,117
5864305,54141,50.36982051,68
5864306,97992,51.82296202,8
5864307,93613,4.97967354,156
5864308,188234,39.23634217,22
5864309,10259,5.477737,98
5864310,166728,20.57691283,40
5864311,330892,17.10241563,170
5864312,199235,33.71328905,145
5864313,190106,11.15806165,194
5864314,329936,60.67662541,39
5864315,164928,37.24911639,41
5864316,106887,33.05991273,73
5864317,122971,89.65854185,99
5864318,153371,11.43208801,137
5864319,145943,13.28371029,69
5864320,330841,37.038984,134
5864321,61862,14.66782924,10
5864322,117580,48.81467512,17
5864323,97992,23.35496432,10
5864324,140089,15.64383974,79
5864325,59777,125.46638016,0
5864326,23857,6.84116671,13
5864327,153550,37.13182636,114
5864328,79701,30.18971092,129
5864329,117580,64.10146596,14
5864330,23857,19.37508301,13
5864331,105869,11.59705963,360
5864332,75726,37.13944392,43
5864333,106887,31.71468977,76
5864334,122971,109.57459983,0
5864335,158130,3.76121764,61
5864336,51198,13.01987252,169
5864337,271467,54.30235522,82
5864338,23147,13.12208227,124
5864339,13758,43.26947261,76
5864340,112991,31.20066202,75
5864341,51198,24.50055369,96
5864342,393624,43.03940977,75
5864343,119980,34.28393932,71
5864344,166480,44.75136596,70
5864345,111507,18.34153944,159
5864346,393613,34.22355071,116
5864347,130907,5.82145953,156
5864348,122971,115.37968698,4
5864349,393613,34.28732972,106
5864350,97992,33.45087679,10
5864351,175359,39.40716031,79
5864352,117580,73.39760539,13
5864353,331041,10.56741008,114
5864354,390677,50.41433876,30
5864355,59777,99.94810595,2
5864356,331041,10.52299094,119
5864357,122940,14.0541262,307
5864358,164928,28.18668042,38
5864359,164928,51.41382238,54
5864360,63505,43.92309473,50
5864361,46605,7.68624233,77
5864362,175359,40.70459031,53
5864363,41701,88.61062768,8
5864364,39799,29.46235344,133
5864365,59777,108.27928143,0
5864366,329718,52.19285715,180
5864367,117580,72.09172904,13
5864368,51198,103.58796405,1
5864369,389787,9.41124827,165
5864370,156049,66.2032139,10
5864371,121858,3.17767047,89
5864372,182467,3.82039986,138
5864373,54141,121.56864874,0
5864374,176582,6.98137961,368
5864375,184962,101.8048338,4
5864376,2551,56.39363358,106
5864377,330865,49.35510634,123
5864378,31423,28.70375451,51
5864379,390677,12.32669404,74
5864380,175359,18.15313784,30
5864381,330610,4.70518389,135
5864382,330841,25.26504197,145
5864383,330847,15.78162748,140
5864384,167271,48.1859413,87
5864385,119980,34.77267856,67
5864386,153371,11.42227467,176
5864387,75726,13.65075275,142
5864388,146853,151.99097304,0
5864389,154107,31.54523987,144
5864390,330847,32.93985622,137
5864391,24848,3.17589662,67
5864392,122971,158.62668217,0
5864393,95430,40.36738749,108
5864394,175359,66.48342405,82
5864395,31423,61.15898222,75
5864396,86961,20.64500481,212
5864397,393433,70.92975197,6
5864398,75726,54.80358725,45
5864399,143450,13.2263812,39
5864400,330766,27.37680989,118
5864401,330825,32.11983886,118
5864402,79701,3.25758708,131
5864403,10259,15.26728588,80
5864404,396895,28.69273029,219
5864405,330070,61.04440084,82
5864406,121596,0.88975267,73
5864407,90281,121.02131698,0
5864408,153371,66.36990786,2
5864409,329770,8.06759809,26
5864410,390609,139.41940495,0
5864411,146853,34.00327481,103
5864412,330357,43.8558822,26
5864413,59777,114.54279362,0
5864414,153371,32.21206951,6
5864415,330380,48.03531814,83
5864416,60715,31.38166058,146
5864417,131877,61.88123159,97
5864418,104316,8.57342955,88
5864419,117580,148.63601127,0
5864420,396915,22.66064846,179
5864421,143622,106.11512234,0
5864422,135491,17.80061282,155
5864423,64318,74.11265528,89
5864454,119127,22.22688737,224
5864550,106891,22.35730058,41
5864636,73452,24.44846971,13
5864637,73452,50.83877291,15
5864825,396542,11.32066539,178
5864826,199110,4.03688817,28
5865083,30687,27.76601814,152
5865084,189949,18.15060413,36
